22.12.2023 0:00:24;Outdoor;Room;Room set Day;Hot water;Hot water set;Heating 1;Heating 1 set;Heating 2 (mixer);Heating 2 set;Actual flow;6-1-4 Set buff;0052 BURNER;PUMP HOT WATER;PUMP HEATING;0064 COLLECTOR_PUMP;fdac PUMP MIXER?;fdbf RELEASE_2WE;
22.12.2023 0:00:24;3,60;20,30;23,00;44,50;42,00;37,70;38,20;32,70;34,30;39,50;38,20;1,00;0,00;0,00;0,00;1,20;1,25;
22.12.2023 0:01:49;3,60;20,30;23,00;44,50;42,00;37,20;38,20;32,70;34,30;39,10;38,60;1,00;0,00;0,00;0,00;1,20;1,25;
22.12.2023 0:03:14;3,60;20,30;23,00;44,50;42,00;37,20;38,20;32,70;34,30;38,90;38,20;1,00;0,00;0,00;0,00;1,20;1,25;
22.12.2023 0:04:39;3,60;20,30;23,00;44,50;42,00;37,20;38,20;32,70;34,30;38,90;38,20;1,00;0,00;0,00;0,00;1,20;1,25;
22.12.2023 0:06:04;3,60;20,20;23,00;44,50;42,00;36,80;38,20;32,70;34,30;38,50;38,20;1,00;0,00;0,00;0,00;1,20;1,25;
22.12.2023 0:07:29;3,60;20,30;23,00;44,50;42,00;36,60;38,60;32,60;34,30;38,40;38,20;1,00;0,00;0,00;0,00;1,20;1,25;
22.12.2023 0:08:54;3,60;20,20;23,00;44,50;42,00;36,60;38,20;32,20;34,30;38,40;38,60;1,00;0,00;0,00;0,00;1,20;1,25;
22.12.2023 0:10:19;3,60;20,30;23,00;44,50;42,00;36,40;38,60;32,70;34,30;37,80;38,20;1,00;0,00;0,00;0,00;1,20;1,25;
22.12.2023 0:11:44;3,60;20,30;23,00;44,50;42,00;36,00;38,20;32,70;34,30;37,80;38,20;1,00;0,00;0,00;0,00;1,20;1,25;
22.12.2023 0:13:09;3,60;20,20;23,00;44,50;42,00;36,00;38,60;32,70;34,30;37,80;38,20;1,00;0,00;0,00;0,00;1,20;1,25;
22.12.2023 0:14:34;3,60;20,30;23,00;44,50;42,00;36,00;38,20;32,70;34,30;37,20;38,60;1,00;0,00;0,00;0,00;1,20;1,25;
22.12.2023 0:15:59;3,60;20,20;23,00;44,50;42,00;35,70;38,60;32,70;34,20;37,20;38,20;1,00;0,00;0,00;0,00;1,20;1,25;
22.12.2023 0:17:24;3,60;20,30;23,00;44,50;42,00;35,50;38,60;32,70;34,30;37,20;38,50;1,00;0,00;0,00;0,00;1,20;1,25;
22.12.2023 0:18:49;3,70;20,20;23,00;44,50;42,00;35,50;38,50;32,40;34,20;36,60;38,10;1,00;0,00;0,00;0,00;1,20;1,25;
22.12.2023 0:20:14;3,70;20,30;23,00;44,50;42,00;35,30;38,50;32,20;34,20;36,60;38,00;1,00;0,00;0,00;0,00;1,20;1,25;
22.12.2023 0:21:39;3,90;20,20;23,00;44,50;42,00;34,90;38,00;32,20;34,10;36,60;38,00;1,00;0,00;0,00;0,00;1,20;1,25;
22.12.2023 0:23:04;3,90;20,20;23,00;44,50;42,00;34,90;38,00;32,10;34,10;36,10;37,90;1,00;0,00;0,00;0,00;1,20;1,25;
22.12.2023 0:24:29;4,00;20,30;23,00;44,50;42,00;34,90;37,80;32,00;34,00;36,10;38,20;1,00;0,00;0,00;0,00;1,20;1,25;
22.12.2023 0:25:54;4,10;20,20;23,00;44,50;42,00;34,80;38,20;32,00;33,90;36,10;38,20;1,00;0,00;0,00;0,00;1,20;1,25;
22.12.2023 0:27:19;4,10;20,20;23,00;44,50;42,00;34,30;38,20;32,70;34,00;35,60;38,20;1,00;0,00;0,00;0,00;1,20;1,25;
22.12.2023 0:28:44;4,10;20,20;23,00;44,50;42,00;34,30;38,20;33,00;33,90;35,50;38,20;1,00;0,00;0,00;0,00;1,20;1,25;
22.12.2023 0:30:09;4,10;20,30;23,00;44,50;42,00;34,30;38,20;33,20;34,00;35,50;38,20;1,00;0,00;0,00;0,00;1,20;1,25;
22.12.2023 0:31:34;4,20;20,20;23,00;44,50;42,00;34,10;38,20;33,20;33,90;34,90;38,20;1,00;0,00;0,00;0,00;1,20;1,25;
22.12.2023 0:32:59;4,20;20,20;23,00;44,50;42,00;33,80;38,20;33,20;33,90;34,90;38,20;1,00;0,00;0,00;0,00;1,20;1,25;
22.12.2023 0:34:24;4,20;20,10;23,00;44,50;42,00;33,80;38,20;33,00;33,90;34,90;38,20;1,00;0,00;0,00;0,00;1,20;1,25;
22.12.2023 0:35:49;4,20;20,20;23,00;44,50;42,00;33,80;38,20;32,70;33,90;34,70;38,20;1,00;0,00;0,00;0,00;1,20;1,25;
22.12.2023 0:37:14;4,20;20,20;23,00;44,50;42,00;33,80;38,20;32,70;33,90;34,40;38,20;1,00;0,00;0,00;0,00;1,20;1,25;
22.12.2023 0:38:39;4,20;20,20;23,00;44,50;42,00;33,30;38,60;32,70;33,90;34,40;38,60;1,00;0,00;0,00;0,00;1,20;1,25;
22.12.2023 0:40:04;4,20;20,20;23,00;44,50;42,00;33,20;38,20;32,70;33,90;34,40;38,60;1,00;0,00;0,00;0,00;1,20;1,25;
22.12.2023 0:41:29;4,20;20,20;23,00;44,50;42,00;33,20;38,20;32,70;33,90;33,80;38,60;1,00;0,00;0,00;0,00;1,20;1,25;
22.12.2023 0:42:54;4,20;20,20;23,00;44,50;42,00;33,20;38,60;32,40;33,90;33,80;38,60;1,00;0,00;0,00;0,00;1,20;1,25;
22.12.2023 0:44:19;4,20;20,20;23,00;44,50;42,00;33,00;38,60;32,00;34,00;33,80;38,60;1,00;0,00;0,00;0,00;1,20;1,25;
22.12.2023 0:45:44;4,10;20,10;23,00;44,50;42,00;32,70;38,70;32,00;34,10;33,50;38,70;1,00;0,00;0,00;0,00;1,20;1,25;
22.12.2023 0:47:09;4,00;20,20;23,00;44,50;42,00;32,70;38,80;32,00;34,20;33,30;38,50;1,00;0,00;1,10;0,00;1,20;1,25;
22.12.2023 0:48:34;3,80;20,20;23,00;44,50;42,00;32,70;38,50;32,00;34,20;36,50;38,50;1,00;0,00;1,10;0,00;1,20;1,25;
22.12.2023 0:49:59;3,60;20,20;23,00;44,50;42,00;32,70;39,00;32,00;34,30;37,20;39,00;1,00;0,00;1,10;0,00;1,20;1,25;
22.12.2023 0:51:24;3,60;20,20;23,00;44,50;42,00;32,70;38,60;32,70;34,30;37,70;38,60;1,00;0,00;1,10;0,00;1,20;1,25;
22.12.2023 0:52:49;3,60;20,10;23,00;44,50;42,00;32,70;39,00;32,70;34,30;38,40;39,00;1,00;0,00;1,10;0,00;1,20;1,25;
22.12.2023 0:54:14;3,60;20,10;23,00;44,50;42,00;32,90;39,00;33,20;34,30;38,90;39,00;1,00;0,00;1,10;0,00;1,20;1,25;
22.12.2023 0:55:39;3,60;20,10;23,00;44,50;42,00;33,20;39,00;33,80;34,30;39,50;39,00;1,00;0,00;1,10;0,00;1,20;1,25;
22.12.2023 0:57:04;3,60;20,10;23,00;44,50;42,00;33,40;39,00;34,20;34,30;40,00;39,00;1,00;0,00;1,10;0,00;1,20;1,25;
22.12.2023 0:58:29;3,60;20,10;23,00;44,40;42,00;33,80;38,60;34,30;34,30;40,60;39,00;1,00;0,00;1,10;0,00;1,20;1,25;
22.12.2023 0:59:54;3,60;20,20;23,00;44,50;42,00;34,10;39,00;34,90;34,30;41,10;38,60;1,00;0,00;1,10;0,00;1,20;1,25;
22.12.2023 1:01:19;3,60;20,20;23,00;44,50;42,00;34,30;38,60;35,50;34,30;41,40;38,60;1,00;0,00;1,10;0,00;1,20;1,25;
22.12.2023 1:02:44;3,60;20,20;23,00;44,50;42,00;34,80;38,60;36,00;34,30;41,70;38,60;1,00;0,00;1,10;0,00;1,20;1,25;
22.12.2023 1:04:09;3,60;20,10;23,00;44,50;42,00;35,20;39,00;35,90;34,30;42,30;38,60;1,00;0,00;1,10;0,00;1,20;1,25;
22.12.2023 1:05:34;3,60;20,20;23,00;44,50;42,00;35,70;39,00;35,50;34,30;42,80;39,00;1,00;0,00;1,10;0,00;1,20;1,25;
22.12.2023 1:06:59;3,60;20,10;23,00;44,40;42,00;36,00;39,00;34,40;34,30;43,40;39,00;1,00;0,00;1,10;0,00;1,20;1,25;
22.12.2023 1:08:24;3,60;20,10;23,00;44,50;42,00;36,60;38,60;33,80;34,30;43,80;38,60;1,00;0,00;1,10;0,00;1,20;1,25;
22.12.2023 1:09:49;3,60;20,20;23,00;44,40;42,00;37,10;38,60;33,70;34,30;44,00;38,60;1,00;0,00;1,10;0,00;1,20;1,25;
22.12.2023 1:11:14;3,60;20,10;23,00;44,50;42,00;37,60;39,00;33,20;34,30;44,40;39,00;1,00;0,00;1,10;0,00;1,20;1,25;
22.12.2023 1:12:39;3,60;20,10;23,00;44,40;42,00;38,00;39,00;33,20;34,30;44,50;39,00;1,00;0,00;1,10;0,00;1,20;1,25;
22.12.2023 1:14:04;3,60;20,10;23,00;44,50;42,00;38,50;39,00;33,20;34,30;45,10;38,60;1,00;0,00;1,10;0,00;1,20;1,25;
22.12.2023 1:15:29;3,60;20,20;23,00;44,50;42,00;38,90;38,60;32,90;34,30;45,70;39,00;1,00;0,00;1,10;0,00;1,20;1,25;
22.12.2023 1:16:54;3,60;20,10;23,00;44,50;42,00;39,40;39,00;33,00;34,30;45,70;39,00;1,00;0,00;1,10;0,00;1,20;1,25;
22.12.2023 1:18:19;3,60;20,10;23,00;44,40;42,00;39,70;39,00;33,00;34,30;46,10;39,00;1,00;0,00;1,10;0,00;1,20;1,25;
22.12.2023 1:19:44;3,60;20,10;23,00;44,40;42,00;40,00;39,00;33,20;34,30;46,30;39,00;1,00;0,00;1,10;0,00;1,20;1,25;
22.12.2023 1:21:09;3,60;20,10;23,00;44,30;42,00;40,40;38,60;33,20;34,30;46,80;38,60;1,00;0,00;1,10;0,00;1,20;1,25;
22.12.2023 1:22:34;3,60;20,10;23,00;44,50;42,00;40,60;39,00;33,20;34,30;46,90;39,00;1,00;0,00;1,10;0,00;1,20;1,25;
22.12.2023 1:23:59;3,60;20,10;23,00;44,50;42,00;40,70;39,00;33,20;34,30;46,90;39,00;1,00;0,00;1,10;0,00;1,20;1,25;
22.12.2023 1:25:24;3,60;20,10;23,00;44,30;42,00;41,10;39,00;33,20;34,30;46,90;39,00;1,00;0,00;1,10;0,00;1,20;1,25;
22.12.2023 1:26:49;3,60;20,10;23,00;44,30;42,00;41,10;39,00;33,20;34,30;47,10;39,00;1,00;0,00;1,10;0,00;1,20;1,25;
22.12.2023 1:28:14;3,60;20,10;23,00;44,40;42,00;41,50;39,30;33,20;34,30;47,40;39,40;1,00;0,00;1,10;0,00;1,20;1,25;
22.12.2023 1:29:39;3,60;20,20;23,00;44,40;42,00;41,70;38,60;33,50;34,30;47,40;39,00;1,00;0,00;1,10;0,00;1,20;1,25;
22.12.2023 1:31:04;3,60;20,20;23,00;44,50;42,00;41,90;39,00;33,80;34,30;47,40;38,60;1,00;0,00;1,10;0,00;1,20;1,25;
22.12.2023 1:32:29;3,60;20,10;23,00;44,50;42,00;42,20;38,60;33,80;34,30;47,80;39,00;1,00;0,00;1,10;0,00;1,20;1,25;
22.12.2023 1:33:54;3,60;20,10;23,00;44,40;42,00;42,20;39,00;33,80;34,30;47,90;39,00;1,00;0,00;1,10;0,00;1,20;1,25;
22.12.2023 1:35:19;3,60;20,10;23,00;44,40;42,00;42,50;39,00;33,80;34,30;47,90;39,00;1,00;0,00;1,10;0,00;1,20;1,25;
22.12.2023 1:36:44;3,60;20,10;23,00;44,40;42,00;42,80;38,60;33,80;34,30;47,90;38,60;1,00;0,00;1,10;0,00;1,20;1,25;
22.12.2023 1:38:09;3,60;20,10;23,00;44,40;42,00;43,10;38,60;33,80;34,30;47,90;38,60;1,00;0,00;1,10;0,00;1,20;1,25;
22.12.2023 1:39:34;3,60;20,10;23,00;44,50;42,00;43,30;39,40;33,80;34,30;47,90;39,00;1,00;0,00;1,10;0,00;1,20;1,25;
22.12.2023 1:40:59;3,60;20,20;23,00;44,30;42,00;43,40;38,60;34,00;34,30;47,90;39,00;1,00;0,00;1,10;0,00;1,20;1,25;
22.12.2023 1:42:24;3,60;20,10;23,00;44,40;42,00;43,50;39,00;34,30;34,30;47,90;39,40;1,00;0,00;1,10;0,00;1,20;1,25;
22.12.2023 1:43:49;3,50;20,10;23,00;44,40;42,00;43,70;39,10;34,30;34,50;48,30;39,00;1,00;0,00;1,10;0,00;1,20;1,25;
22.12.2023 1:45:14;3,40;20,20;23,00;44,30;42,00;43,80;39,20;34,30;34,40;48,00;39,10;1,00;0,00;1,10;0,00;1,20;1,25;
22.12.2023 1:46:39;3,40;20,10;23,00;44,30;42,00;43,80;39,20;34,30;34,40;47,90;39,20;1,00;0,00;1,10;0,00;1,20;1,25;
22.12.2023 1:48:04;3,30;20,20;23,00;44,30;42,00;43,70;38,80;34,30;34,50;47,90;39,20;1,00;0,00;1,10;0,00;1,20;1,25;
22.12.2023 1:49:29;3,20;20,10;23,00;44,30;42,00;43,80;38,90;34,30;34,60;48,00;39,30;1,00;0,00;1,10;0,00;1,20;1,25;
22.12.2023 1:50:54;3,00;20,20;23,00;44,30;42,00;44,00;39,30;34,30;34,60;47,90;39,30;1,00;0,00;1,10;0,00;1,20;1,25;
22.12.2023 1:52:19;3,00;20,10;23,00;44,40;42,00;44,00;39,30;34,30;34,60;47,90;39,30;1,00;0,00;1,10;0,00;1,20;1,25;
22.12.2023 1:53:44;3,00;20,10;23,00;44,30;42,00;44,10;39,30;34,30;34,60;47,90;39,30;1,00;0,00;1,10;0,00;1,20;1,25;
22.12.2023 1:55:09;3,00;20,10;23,00;44,40;42,00;44,20;39,30;34,30;34,60;47,90;39,30;1,00;0,00;1,10;0,00;1,20;1,25;
22.12.2023 1:56:34;3,10;20,20;23,00;44,40;42,00;44,20;39,30;34,30;34,60;47,90;38,90;1,00;0,00;1,10;0,00;1,20;1,25;
22.12.2023 1:57:59;3,00;20,10;23,00;44,40;42,00;44,20;39,30;34,30;34,60;47,90;39,30;1,00;0,00;1,10;0,00;1,20;1,25;
22.12.2023 1:59:24;3,00;20,10;23,00;44,40;42,00;44,20;39,30;34,30;34,60;47,90;39,30;1,00;0,00;1,10;0,00;1,20;1,25;
22.12.2023 2:00:49;3,00;20,10;23,00;44,30;42,00;44,20;38,90;34,30;34,60;48,00;38,90;1,00;0,00;1,10;0,00;1,20;1,25;
22.12.2023 2:02:14;3,00;20,10;23,00;44,40;42,00;44,20;39,30;34,30;34,60;48,20;39,30;1,00;0,00;1,10;0,00;1,20;1,25;
22.12.2023 2:03:39;3,00;20,10;23,00;44,30;42,00;44,30;39,30;34,30;34,60;47,90;39,30;1,00;0,00;1,10;0,00;1,20;1,25;
22.12.2023 2:05:04;3,00;20,10;23,00;44,40;42,00;44,30;39,30;34,30;34,60;48,30;39,30;1,00;0,00;1,10;0,00;1,20;1,25;
22.12.2023 2:06:29;3,00;20,20;23,00;44,40;42,00;44,30;39,30;34,30;34,60;48,00;39,30;1,00;0,00;1,10;0,00;1,20;1,25;
22.12.2023 2:07:54;3,00;20,20;23,00;44,40;42,00;44,30;38,90;34,30;34,60;48,00;39,30;1,00;0,00;1,10;0,00;1,20;1,25;
22.12.2023 2:09:19;3,00;20,10;23,00;44,40;42,00;44,20;39,30;34,40;34,60;48,20;38,90;1,00;0,00;1,10;0,00;1,20;1,25;
22.12.2023 2:10:44;3,00;20,10;23,00;44,30;42,00;44,20;39,30;34,40;34,60;48,50;39,30;1,00;0,00;0,00;0,00;1,20;1,25;
22.12.2023 2:12:09;3,00;20,10;23,00;44,30;42,00;44,20;39,30;34,50;34,60;47,40;39,30;1,00;0,00;0,00;0,00;1,20;1,25;
22.12.2023 2:13:34;3,00;20,10;23,00;44,40;42,00;44,00;39,30;34,60;34,60;46,90;39,30;1,00;0,00;0,00;0,00;1,20;1,25;
22.12.2023 2:14:59;3,00;20,10;23,00;44,40;42,00;44,00;39,30;34,90;34,60;46,90;39,30;1,00;0,00;0,00;0,00;1,20;1,25;
22.12.2023 2:16:24;3,00;20,10;23,00;44,40;42,00;43,40;39,30;35,30;34,60;46,30;39,30;1,00;0,00;0,00;0,00;1,20;1,25;
22.12.2023 2:17:49;3,00;20,10;23,00;44,40;42,00;43,10;38,90;35,90;34,60;46,30;39,30;1,00;0,00;0,00;0,00;1,20;1,25;
22.12.2023 2:19:14;3,00;20,10;23,00;44,40;42,00;42,80;39,30;36,10;34,60;45,70;39,30;1,00;0,00;0,00;0,00;1,20;1,25;
22.12.2023 2:20:39;3,00;20,10;23,00;44,30;42,00;42,40;39,30;36,60;34,60;45,70;38,90;1,00;0,00;0,00;0,00;1,20;1,25;
22.12.2023 2:22:04;3,00;20,10;23,00;44,30;42,00;42,20;39,30;36,10;34,60;45,10;39,30;1,00;0,00;0,00;0,00;1,20;1,25;
22.12.2023 2:23:29;3,00;20,10;23,00;44,30;42,00;41,80;39,30;35,70;34,60;45,10;39,30;1,00;0,00;0,00;0,00;1,20;1,25;
22.12.2023 2:24:54;3,00;20,10;23,00;44,30;42,00;41,70;39,30;34,90;34,60;44,60;39,30;1,00;0,00;0,00;0,00;1,20;1,25;
22.12.2023 2:26:19;3,00;20,10;23,00;44,40;42,00;41,70;39,30;34,30;34,60;44,50;39,30;1,00;0,00;0,00;0,00;1,20;1,25;
22.12.2023 2:27:44;3,00;20,10;23,00;44,30;42,00;41,10;39,30;33,80;34,60;44,30;39,30;1,00;0,00;0,00;0,00;1,20;1,25;
22.12.2023 2:29:09;3,00;20,10;23,00;44,20;42,00;41,10;38,90;33,20;34,60;44,00;39,30;1,00;0,00;0,00;0,00;1,20;1,25;
22.12.2023 2:30:34;3,00;20,10;23,00;44,40;42,00;40,90;39,30;33,20;34,60;44,00;39,30;1,00;0,00;0,00;0,00;1,20;1,25;
22.12.2023 2:31:59;3,00;20,10;23,00;44,30;42,00;40,50;39,30;32,70;34,60;43,40;39,30;1,00;0,00;0,00;0,00;1,20;1,25;
22.12.2023 2:33:24;3,00;20,10;23,00;44,30;42,00;40,50;39,30;32,70;34,60;43,40;39,30;1,00;0,00;0,00;0,00;1,20;1,25;
22.12.2023 2:34:49;3,00;20,10;23,00;44,30;42,00;40,40;39,30;32,00;34,60;43,00;39,30;1,00;0,00;0,00;0,00;1,20;1,25;
22.12.2023 2:36:14;3,00;20,10;23,00;44,30;42,00;40,00;39,30;32,70;34,60;42,80;39,30;1,00;0,00;0,00;0,00;1,20;1,25;
22.12.2023 2:37:39;3,00;20,10;23,00;44,20;42,00;40,00;39,30;33,20;34,60;42,80;39,30;1,00;0,00;0,00;0,00;1,20;1,25;
22.12.2023 2:39:04;3,00;20,10;23,00;44,40;42,00;39,70;39,30;33,50;34,60;42,30;39,30;1,00;0,00;0,00;0,00;1,20;1,25;
22.12.2023 2:40:29;3,00;20,10;23,00;44,30;42,00;39,40;39,30;33,80;34,60;42,30;39,30;1,00;0,00;0,00;0,00;1,20;1,25;
22.12.2023 2:41:54;3,00;20,10;23,00;44,30;42,00;39,40;39,30;33,80;34,60;41,70;39,30;1,00;0,00;0,00;0,00;1,20;1,25;
22.12.2023 2:43:19;3,00;20,10;23,00;44,30;42,00;38,80;39,30;33,80;34,60;41,70;39,30;1,00;0,00;0,00;0,00;1,20;1,25;
22.12.2023 2:44:44;3,00;20,10;23,00;44,30;42,00;38,80;39,30;33,80;34,60;41,70;39,30;1,00;0,00;0,00;0,00;1,20;1,25;
22.12.2023 2:46:09;3,00;20,10;23,00;44,30;42,00;38,60;39,30;33,80;34,60;41,10;39,30;1,00;0,00;0,00;0,00;1,20;1,25;
22.12.2023 2:47:34;3,00;20,10;23,00;44,30;42,00;38,30;39,30;33,80;34,60;41,10;39,70;1,00;0,00;0,00;0,00;1,20;1,25;
22.12.2023 2:48:59;3,00;20,10;23,00;44,30;42,00;38,30;39,30;33,80;34,60;40,70;39,30;1,00;0,00;0,00;0,00;1,20;1,25;
22.12.2023 2:50:24;3,00;20,10;23,00;44,20;42,00;38,00;39,70;33,80;34,60;40,60;39,70;1,00;0,00;0,00;0,00;1,20;1,25;
22.12.2023 2:51:49;3,00;20,10;23,00;44,30;42,00;37,70;39,30;33,80;34,60;40,60;39,70;1,00;0,00;0,00;0,00;1,20;1,25;
22.12.2023 2:53:14;3,00;20,10;23,00;44,20;42,00;37,70;39,30;33,80;34,60;40,00;39,30;1,00;0,00;0,00;0,00;1,20;1,25;
22.12.2023 2:54:39;3,00;20,10;23,00;44,20;42,00;37,50;39,30;33,40;34,60;40,00;39,30;1,00;0,00;0,00;0,00;1,20;1,25;
22.12.2023 2:56:04;3,00;20,00;23,00;44,20;42,00;37,20;39,30;33,20;34,60;39,70;39,30;1,00;0,00;0,00;0,00;1,20;1,25;
22.12.2023 2:57:29;3,00;20,10;23,00;44,30;42,00;37,20;39,30;33,20;34,60;39,50;39,30;1,00;0,00;0,00;0,00;1,20;1,25;
22.12.2023 2:58:54;3,00;20,10;23,00;44,20;42,00;37,00;39,30;33,20;34,60;39,50;39,30;1,00;0,00;0,00;0,00;1,20;1,25;
22.12.2023 3:00:19;3,00;20,10;23,00;44,20;42,00;36,60;39,30;33,20;34,60;39,10;39,30;1,00;0,00;0,00;0,00;1,20;1,25;
22.12.2023 3:01:44;3,00;20,10;23,00;44,20;42,00;36,60;39,30;33,20;34,60;38,90;39,30;1,00;0,00;0,00;0,00;1,20;1,25;
22.12.2023 3:03:09;3,00;20,10;23,00;44,10;42,00;36,60;39,70;32,90;34,60;38,90;39,30;1,00;0,00;0,00;0,00;1,20;1,25;
22.12.2023 3:04:34;3,00;20,10;23,00;44,20;42,00;36,00;39,30;32,70;34,60;38,50;39,70;1,00;0,00;0,00;0,00;1,20;1,25;
22.12.2023 3:05:59;3,00;20,10;23,00;44,20;42,00;36,00;39,30;32,70;34,60;38,40;39,30;1,00;0,00;0,00;0,00;1,20;1,25;
22.12.2023 3:07:24;3,00;20,10;23,00;44,10;42,00;36,00;39,30;32,70;34,60;38,40;39,30;1,00;0,00;0,00;0,00;1,20;1,25;
22.12.2023 3:08:49;3,00;20,10;23,00;44,20;42,00;35,70;39,30;32,70;34,60;37,80;39,30;1,00;0,00;0,00;0,00;1,20;1,25;
22.12.2023 3:10:14;3,00;20,10;23,00;44,10;42,00;35,50;39,70;32,70;34,60;37,80;39,30;1,00;0,00;0,00;0,00;1,20;1,25;
22.12.2023 3:11:39;3,00;20,10;23,00;44,20;42,00;35,50;39,30;32,40;34,60;37,80;39,30;1,00;0,00;0,00;0,00;1,20;1,25;
22.12.2023 3:13:04;3,00;20,10;23,00;44,00;42,00;35,50;39,30;32,50;34,60;37,20;39,30;1,00;0,00;0,00;0,00;1,20;1,25;
22.12.2023 3:14:29;3,00;20,00;23,00;44,20;42,00;35,00;39,30;32,20;34,60;37,20;39,70;1,00;0,00;0,00;0,00;1,20;1,25;
22.12.2023 3:15:54;3,00;20,10;23,00;44,10;42,00;34,90;39,70;32,00;34,60;37,10;39,70;1,00;0,00;0,00;0,00;1,20;1,25;
22.12.2023 3:17:19;3,00;20,10;23,00;44,10;42,00;34,90;39,30;32,30;34,60;36,60;39,30;1,00;0,00;0,00;0,00;1,20;1,25;
22.12.2023 3:18:44;3,00;20,10;23,00;44,20;42,00;34,80;39,30;33,20;34,60;36,60;39,30;1,00;0,00;0,00;0,00;1,20;1,25;
22.12.2023 3:20:09;3,00;20,10;23,00;44,20;42,00;34,30;39,30;33,80;34,60;36,60;39,30;1,00;0,00;0,00;0,00;1,20;1,25;
22.12.2023 3:21:34;3,00;20,10;23,00;44,00;42,00;34,30;39,30;33,80;34,60;36,10;39,30;1,00;0,00;0,00;0,00;1,20;1,25;
22.12.2023 3:22:59;3,00;20,10;23,00;44,20;42,00;34,30;39,30;33,80;34,60;36,10;39,30;1,00;0,00;0,00;0,00;1,20;1,25;
22.12.2023 3:24:24;3,00;20,10;23,00;44,10;42,00;34,10;39,30;33,20;34,60;36,10;39,30;1,00;0,00;0,00;0,00;1,20;1,25;
22.12.2023 3:25:49;3,00;20,10;23,00;44,10;42,00;33,80;39,70;33,20;34,60;35,50;39,30;1,00;0,00;0,00;0,00;1,20;1,25;
22.12.2023 3:27:14;3,00;20,00;23,00;44,00;42,00;33,80;39,70;33,20;34,60;35,50;39,30;1,00;0,00;0,00;0,00;1,20;1,25;
22.12.2023 3:28:39;3,00;20,10;23,00;44,10;42,00;33,80;39,30;33,20;34,60;35,50;39,30;1,00;0,00;0,00;0,00;1,20;1,25;
22.12.2023 3:30:04;3,00;20,00;23,00;44,00;42,00;33,60;39,30;33,00;34,60;34,90;39,30;1,00;0,00;0,00;0,00;1,20;1,25;
22.12.2023 3:31:29;3,00;20,10;23,00;44,00;42,00;33,20;39,30;32,70;34,60;34,90;39,70;1,00;0,00;0,00;0,00;1,20;1,25;
22.12.2023 3:32:54;3,00;20,00;23,00;44,10;42,00;33,20;39,70;32,70;34,60;34,90;39,70;1,00;0,00;1,10;0,00;1,20;1,25;
22.12.2023 3:34:19;3,00;20,00;23,00;44,30;42,00;33,20;39,70;32,70;34,60;37,00;39,70;1,00;0,00;1,10;0,00;1,20;1,25;
22.12.2023 3:35:44;3,00;20,10;23,00;44,20;42,00;33,10;39,30;32,70;34,60;37,80;39,70;1,00;0,00;1,10;0,00;1,20;1,25;
22.12.2023 3:37:09;3,00;20,10;23,00;44,20;42,00;33,20;39,30;32,70;34,60;38,30;39,70;1,00;0,00;1,10;0,00;1,20;1,25;
22.12.2023 3:38:34;3,00;20,10;23,00;44,10;42,00;33,20;39,70;33,20;34,60;38,90;39,30;1,00;0,00;1,10;0,00;1,20;1,25;
22.12.2023 3:39:59;3,00;20,10;23,00;44,10;42,00;33,40;39,70;33,30;34,60;39,50;39,70;1,00;0,00;1,10;0,00;1,20;1,25;
22.12.2023 3:41:24;3,00;20,10;23,00;44,10;42,00;33,80;39,70;33,80;34,60;40,00;39,70;1,00;0,00;1,10;0,00;1,20;1,25;
22.12.2023 3:42:49;3,00;20,00;23,00;44,10;42,00;34,00;39,70;34,30;34,60;40,60;39,70;1,00;0,00;1,10;0,00;1,20;1,25;
22.12.2023 3:44:14;3,00;20,10;23,00;44,20;42,00;34,30;39,70;34,80;34,60;41,10;39,30;1,00;0,00;1,10;0,00;1,20;1,25;
22.12.2023 3:45:39;3,00;20,00;23,00;44,20;42,00;34,60;39,70;34,90;34,60;34,80;39,70;1,00;0,00;1,10;0,00;1,20;1,25;
22.12.2023 3:47:04;3,00;20,00;23,00;44,20;42,00;34,90;39,30;34,90;34,60;36,60;39,30;1,00;0,00;1,10;0,00;1,20;1,25;
22.12.2023 3:48:29;3,00;20,00;23,00;44,10;42,00;35,10;39,30;34,30;34,60;33,90;39,70;1,00;0,00;1,10;0,00;1,20;1,25;
22.12.2023 3:49:54;3,00;20,00;23,00;44,10;42,00;35,00;39,70;33,80;34,60;33,30;39,70;1,00;0,00;1,10;0,00;1,20;1,25;
22.12.2023 3:51:19;3,00;20,00;23,00;44,10;42,00;34,90;39,30;33,20;34,60;33,20;39,30;1,00;0,00;1,10;0,00;1,20;1,25;
22.12.2023 3:52:44;3,00;20,00;23,00;44,20;42,00;34,70;39,70;32,80;34,60;32,10;39,70;1,00;0,00;1,10;0,00;1,20;1,25;
22.12.2023 3:54:09;3,00;20,00;23,00;44,10;42,00;34,40;39,30;32,70;34,60;30,10;39,70;1,00;0,00;1,10;0,00;1,20;1,25;
22.12.2023 3:55:34;3,00;20,10;23,00;44,10;42,00;34,10;39,70;32,00;34,60;37,80;39,70;1,00;0,00;1,10;0,00;1,20;1,25;
22.12.2023 3:56:59;3,00;20,00;23,00;44,00;42,00;33,80;39,70;32,50;34,60;38,90;39,70;1,00;0,00;1,10;0,00;1,20;1,25;
22.12.2023 3:58:24;3,00;20,00;23,00;44,10;42,00;33,80;39,70;32,80;34,60;39,50;39,70;1,00;0,00;1,10;0,00;1,20;1,25;
22.12.2023 3:59:49;3,00;20,00;23,00;44,10;42,00;33,80;39,70;33,20;34,60;40,00;39,70;1,00;0,00;1,10;0,00;1,20;1,25;
22.12.2023 4:01:14;3,00;20,10;23,00;44,10;42,00;33,80;39,30;34,00;34,60;40,70;39,70;1,00;0,00;1,10;0,00;1,20;1,25;
22.12.2023 4:02:39;3,00;20,10;23,00;44,20;42,00;33,80;39,40;34,70;34,60;41,10;39,80;1,00;0,00;1,10;0,00;1,20;1,25;
22.12.2023 4:04:04;3,00;20,00;23,00;44,10;42,00;34,10;39,50;35,40;34,70;42,00;39,40;1,00;0,00;1,10;0,00;1,20;1,25;
22.12.2023 4:05:29;2,90;20,00;23,00;44,10;42,00;34,30;39,90;35,50;34,70;42,30;39,90;1,00;0,00;1,10;0,00;1,20;1,25;
22.12.2023 4:06:54;2,80;20,00;23,00;44,20;42,00;34,90;39,50;35,50;34,80;42,80;39,90;1,00;0,00;1,10;0,00;1,20;1,25;
22.12.2023 4:08:19;2,80;20,00;23,00;44,10;42,00;35,50;39,90;34,90;34,70;43,40;39,90;1,00;0,00;1,10;0,00;1,20;1,25;
22.12.2023 4:09:44;2,80;20,00;23,00;44,00;42,00;36,00;39,90;34,30;34,80;43,40;39,80;1,00;0,00;1,10;0,00;1,20;1,25;
22.12.2023 4:11:09;2,80;20,10;23,00;44,00;42,00;36,80;39,80;33,80;34,70;44,00;39,80;1,00;0,00;1,10;0,00;1,20;1,25;
22.12.2023 4:12:34;2,80;20,00;23,00;44,10;42,00;37,50;39,40;33,20;34,70;44,50;39,80;1,00;0,00;1,10;0,00;1,20;1,25;
22.12.2023 4:13:59;2,80;20,10;23,00;44,10;42,00;37,90;39,90;33,20;34,70;45,00;39,80;1,00;0,00;1,10;0,00;1,20;1,25;
22.12.2023 4:15:24;2,90;20,00;23,00;44,00;42,00;38,30;39,90;32,70;34,70;45,10;39,80;1,00;0,00;1,10;0,00;1,20;1,25;
22.12.2023 4:16:49;2,90;20,00;23,00;44,00;42,00;38,80;39,80;33,60;34,70;45,70;39,40;1,00;0,00;1,10;0,00;1,20;1,25;
22.12.2023 4:18:14;2,90;20,00;23,00;44,00;42,00;39,00;39,80;34,80;34,70;45,80;39,80;1,00;0,00;1,10;0,00;1,20;1,25;
22.12.2023 4:19:39;3,00;20,00;23,00;44,10;42,00;39,40;39,30;35,50;34,60;46,30;39,30;1,00;0,00;1,10;0,00;1,20;1,25;
22.12.2023 4:21:04;3,00;20,10;23,00;44,00;42,00;39,40;39,70;34,90;34,60;46,30;39,70;1,00;0,00;1,10;0,00;1,20;1,25;
22.12.2023 4:22:29;3,00;20,10;23,00;44,00;42,00;39,90;39,30;34,30;34,60;46,40;39,30;1,00;0,00;1,10;0,00;1,20;1,25;
22.12.2023 4:23:54;3,00;20,10;23,00;44,00;42,00;40,30;39,30;34,30;34,60;46,90;39,30;1,00;0,00;1,10;0,00;1,20;1,25;
22.12.2023 4:25:19;3,00;20,10;23,00;44,00;42,00;40,70;39,30;34,30;34,60;47,40;39,30;1,00;0,00;1,10;0,00;1,20;1,25;
22.12.2023 4:26:44;3,00;20,10;23,00;44,00;42,00;41,10;39,70;34,10;34,60;47,40;39,30;1,00;0,00;1,10;0,00;1,20;1,25;
22.12.2023 4:28:09;3,00;20,10;23,00;44,00;42,00;41,50;39,70;33,90;34,60;47,40;39,70;1,00;0,00;1,10;0,00;1,20;1,25;
22.12.2023 4:29:34;3,00;20,00;23,00;44,00;42,00;41,70;39,30;34,00;34,60;47,80;39,30;1,00;0,00;1,10;0,00;1,20;1,25;
22.12.2023 4:30:59;3,00;20,10;23,00;44,00;42,00;41,90;39,70;34,10;34,60;47,90;39,70;1,00;0,00;1,10;0,00;1,20;1,25;
22.12.2023 4:32:24;3,00;20,00;23,00;44,00;42,00;42,20;39,70;34,30;34,60;47,90;39,30;1,00;0,00;1,10;0,00;1,20;1,25;
22.12.2023 4:33:49;3,00;20,00;23,00;44,00;42,00;42,70;39,70;34,30;34,60;48,30;39,30;1,00;0,00;1,10;0,00;1,20;1,25;
22.12.2023 4:35:14;3,00;20,00;23,00;44,00;42,00;43,10;39,30;34,30;34,60;48,50;39,70;1,00;0,00;1,10;0,00;1,20;1,25;
22.12.2023 4:36:39;3,00;20,10;23,00;44,00;42,00;43,40;39,70;34,30;34,60;48,50;39,30;1,00;0,00;1,10;0,00;1,20;1,25;
22.12.2023 4:38:04;3,00;20,10;23,00;44,00;42,00;43,40;39,30;34,30;34,60;48,50;39,70;1,00;0,00;1,10;0,00;1,20;1,25;
22.12.2023 4:39:29;3,00;20,00;23,00;44,00;42,00;43,40;39,70;34,30;34,60;48,50;39,30;1,00;0,00;1,10;0,00;1,20;1,25;
22.12.2023 4:40:54;3,00;20,00;23,00;44,00;42,00;43,50;39,30;34,30;34,60;48,50;39,30;1,00;0,00;1,10;0,00;1,20;1,25;
22.12.2023 4:42:19;3,00;20,00;23,00;44,00;42,00;43,60;39,30;34,30;34,60;48,50;39,70;1,00;0,00;1,10;0,00;1,20;1,25;
22.12.2023 4:43:44;3,00;20,00;23,00;44,00;42,00;43,60;39,70;34,50;34,60;48,50;39,30;1,00;0,00;1,10;0,00;1,20;1,25;
22.12.2023 4:45:09;3,00;20,10;23,00;44,00;42,00;44,00;39,70;34,90;34,60;49,00;39,70;1,00;0,00;1,10;0,00;1,20;1,25;
22.12.2023 4:46:34;3,00;20,00;23,00;44,00;42,00;44,10;39,30;35,00;34,60;49,10;39,70;1,00;0,00;1,10;0,00;1,20;1,25;
22.12.2023 4:47:59;3,00;20,00;23,00;44,00;42,00;44,20;39,30;35,50;34,60;49,10;39,70;1,00;0,00;1,10;0,00;1,20;1,25;
22.12.2023 4:49:24;3,00;20,10;23,00;44,00;42,00;44,40;39,30;36,00;34,60;49,10;39,30;1,00;0,00;1,10;0,00;1,20;1,25;
22.12.2023 4:50:49;3,00;20,10;23,00;44,00;42,00;44,40;39,70;36,60;34,60;49,00;39,70;1,00;0,00;1,10;0,00;1,20;1,25;
22.12.2023 4:52:14;3,00;20,10;23,00;44,00;42,00;44,50;39,70;36,40;34,60;49,10;39,70;1,00;0,00;1,10;0,00;1,20;1,25;
22.12.2023 4:53:39;3,00;20,00;23,00;44,00;42,00;44,50;39,30;36,00;34,60;48,50;39,30;1,00;0,00;1,10;0,00;1,20;1,25;
22.12.2023 4:55:04;3,00;20,00;23,00;44,00;42,00;44,50;39,70;35,50;34,60;48,50;39,30;1,00;0,00;1,10;0,00;1,20;1,25;
22.12.2023 4:56:29;3,00;20,00;23,00;44,00;42,00;44,50;39,30;34,50;34,60;48,50;39,30;1,00;0,00;1,10;0,00;1,20;1,25;
22.12.2023 4:57:54;3,00;20,00;23,00;44,00;42,00;44,70;39,70;33,90;34,60;48,50;39,70;1,00;0,00;1,10;0,00;1,20;1,25;
22.12.2023 4:59:19;3,00;20,00;23,00;44,00;42,00;44,70;39,30;33,60;34,60;48,50;39,30;1,00;0,00;1,10;0,00;1,20;1,25;
22.12.2023 5:00:44;3,00;20,10;23,00;44,00;42,00;44,70;39,30;33,20;34,60;48,50;39,30;1,00;0,00;1,10;0,00;1,20;1,25;
22.12.2023 5:02:09;3,00;20,10;23,00;44,00;42,00;44,60;39,30;32,70;34,60;48,50;39,30;1,00;0,00;1,10;0,00;1,20;1,25;
22.12.2023 5:03:34;3,00;20,00;23,00;44,00;42,00;44,80;39,70;32,70;34,60;48,50;39,30;1,00;0,00;1,10;0,00;1,20;1,25;
22.12.2023 5:04:59;3,00;20,10;23,00;44,00;42,00;44,60;39,30;32,00;34,60;48,50;39,30;1,00;0,00;1,10;0,00;1,20;1,25;
22.12.2023 5:06:24;3,00;20,10;23,00;44,00;42,00;44,80;39,30;32,50;34,60;48,50;39,70;1,00;0,00;1,10;0,00;1,20;1,25;
22.12.2023 5:07:49;3,00;20,00;23,00;44,00;42,00;44,70;39,70;33,70;34,60;49,00;39,30;1,00;0,00;1,10;0,00;1,20;1,25;
22.12.2023 5:09:14;3,00;20,10;23,00;44,00;42,00;44,70;39,30;34,30;34,60;48,60;39,30;1,00;0,00;1,10;0,00;1,20;1,25;
22.12.2023 5:10:39;3,00;20,10;23,00;44,00;42,00;44,60;39,30;34,90;34,60;48,50;39,30;1,00;0,00;1,10;0,00;1,20;1,25;
22.12.2023 5:12:04;3,00;20,00;23,00;44,00;42,00;44,90;39,30;34,90;34,60;49,00;39,30;1,00;0,00;1,10;0,00;1,20;1,25;
22.12.2023 5:13:29;3,00;20,10;23,00;44,00;42,00;45,00;39,70;34,90;34,60;48,70;39,30;1,00;0,00;0,00;0,00;1,20;1,25;
22.12.2023 5:14:54;3,00;20,10;23,00;44,00;42,00;44,80;39,30;34,30;34,60;47,90;39,70;1,00;0,00;0,00;0,00;1,20;1,25;
22.12.2023 5:16:19;3,00;20,00;23,00;44,00;42,00;44,50;39,70;33,80;34,60;47,40;39,70;1,00;0,00;0,00;0,00;1,20;1,25;
22.12.2023 5:17:44;3,00;20,10;23,00;44,00;42,00;44,20;47,80;33,20;34,60;47,00;48,40;1,00;0,00;0,00;0,00;1,20;1,25;
22.12.2023 5:19:09;3,00;20,10;23,00;44,00;42,00;44,00;47,80;33,00;34,60;46,90;48,80;1,00;0,00;0,00;0,00;1,20;1,25;
22.12.2023 5:20:34;3,00;20,10;23,00;44,00;42,00;43,40;48,90;32,70;34,60;46,30;48,40;1,00;0,00;0,00;0,00;1,20;1,25;
22.12.2023 5:21:59;3,00;20,10;23,00;44,00;42,00;43,40;48,40;32,70;34,60;46,30;48,40;1,00;0,00;0,00;0,00;1,20;1,25;
22.12.2023 5:23:24;3,00;20,10;23,00;44,00;42,00;42,90;48,80;32,50;34,60;45,70;48,40;1,00;0,00;0,00;0,00;1,20;1,25;
22.12.2023 5:24:49;3,00;20,00;23,00;44,00;42,00;42,80;48,40;33,20;34,60;45,70;47,80;1,00;0,00;0,00;0,00;1,20;1,25;
22.12.2023 5:26:14;3,00;20,00;23,00;44,00;42,00;42,60;47,80;33,80;34,60;45,10;48,20;1,00;0,00;0,00;0,00;1,20;1,25;
22.12.2023 5:27:39;3,00;20,10;23,00;44,00;42,00;42,20;48,40;33,80;34,60;45,10;48,40;1,00;0,00;0,00;0,00;1,20;1,25;
22.12.2023 5:29:04;3,00;20,10;23,00;44,00;42,00;42,20;48,80;34,30;34,60;44,90;48,80;1,00;0,00;0,00;0,00;1,20;1,25;
22.12.2023 5:30:29;3,00;20,10;23,00;44,00;42,00;41,70;48,40;34,30;34,60;44,50;48,20;1,00;0,00;0,00;0,00;1,20;1,25;
22.12.2023 5:31:54;3,00;20,00;23,00;44,00;42,00;41,70;48,80;34,30;37,00;44,50;48,40;1,00;0,00;0,00;0,00;1,20;1,25;
22.12.2023 5:33:19;3,00;20,00;23,00;44,00;42,00;41,50;48,40;34,90;37,00;44,00;48,40;1,00;0,00;0,00;0,00;1,20;1,25;
22.12.2023 5:34:44;3,00;20,10;23,00;44,00;42,00;41,10;48,40;34,90;37,00;44,00;48,40;1,00;0,00;0,00;0,00;1,20;1,25;
22.12.2023 5:36:09;3,00;20,10;23,00;44,00;42,00;41,00;47,90;35,50;37,00;43,40;48,40;1,00;0,00;0,00;0,00;1,20;1,25;
22.12.2023 5:37:34;3,00;20,00;23,00;43,90;42,00;40,50;48,80;35,50;37,00;41,80;48,80;1,00;0,00;1,10;0,00;1,20;1,25;
22.12.2023 5:38:59;3,00;20,10;23,00;44,00;42,00;40,40;48,40;35,50;37,00;42,10;48,90;1,00;0,00;1,10;0,00;1,20;1,25;
22.12.2023 5:40:24;3,00;20,10;23,00;43,80;42,00;40,30;48,80;35,50;37,00;45,70;48,90;1,00;0,00;1,10;0,00;1,20;1,25;
22.12.2023 5:41:49;3,00;20,00;23,00;43,90;42,00;40,20;48,40;35,30;37,00;46,30;48,80;1,00;0,00;1,10;0,00;1,20;1,25;
22.12.2023 5:43:14;3,00;20,00;23,00;43,90;42,00;40,40;48,40;34,90;37,00;46,90;48,80;1,00;0,00;1,10;0,00;1,20;1,25;
22.12.2023 5:44:39;3,00;20,10;23,00;44,00;42,00;40,50;48,40;34,90;37,00;47,40;48,80;1,00;0,00;1,10;0,00;1,20;1,25;
22.12.2023 5:46:04;3,00;20,10;23,00;43,90;42,00;40,60;48,50;34,90;37,00;47,90;49,20;1,00;0,00;1,10;0,00;1,20;1,25;
22.12.2023 5:47:29;3,00;20,10;23,00;43,80;42,00;40,80;48,40;37,10;37,00;48,50;48,90;1,00;0,00;1,10;0,00;1,20;1,25;
22.12.2023 5:48:54;3,00;20,10;23,00;43,80;42,00;40,80;48,80;38,20;37,00;49,10;48,90;1,00;0,00;1,10;0,00;1,20;1,25;
22.12.2023 5:50:19;3,00;20,10;23,00;43,80;42,00;41,10;48,80;37,70;37,00;49,10;48,50;1,00;0,00;1,10;0,00;1,20;1,25;
22.12.2023 5:51:44;3,00;20,10;23,00;44,00;42,00;41,70;48,50;36,60;37,00;49,70;48,90;1,00;0,00;1,10;0,00;1,20;1,25;
22.12.2023 5:53:09;3,00;20,00;23,00;43,80;42,00;42,50;48,90;36,00;37,00;50,30;48,90;1,00;0,00;1,10;0,00;1,20;1,25;
22.12.2023 5:54:34;3,00;20,00;23,00;43,80;42,00;43,20;48,90;35,70;37,00;50,80;49,20;1,00;0,00;1,10;0,00;1,20;1,25;
22.12.2023 5:55:59;3,00;20,00;23,00;43,80;42,00;43,60;48,90;35,50;37,00;50,80;48,40;1,00;0,00;1,10;0,00;1,20;1,25;
22.12.2023 5:57:24;3,00;20,10;23,00;43,80;42,00;44,00;48,90;35,40;37,00;51,40;48,40;1,00;0,00;1,10;0,00;1,20;1,25;
22.12.2023 5:58:49;3,00;20,10;23,00;43,80;42,00;44,40;48,80;34,90;37,00;51,80;48,80;1,00;0,00;1,10;0,00;1,20;1,25;
22.12.2023 6:00:14;3,00;20,10;23,00;43,90;42,00;44,80;48,90;36,10;37,00;52,00;48,80;1,00;0,00;1,10;0,00;1,20;1,25;
22.12.2023 6:01:39;3,00;20,10;23,00;43,90;42,00;45,10;48,50;37,70;37,00;52,50;48,80;1,00;0,00;1,10;1,15;1,20;1,25;
22.12.2023 6:03:04;3,00;20,10;23,00;43,80;34,00;45,00;48,80;38,30;37,00;52,50;48,90;1,00;0,00;1,10;1,15;1,20;1,25;
22.12.2023 6:04:29;3,00;20,00;23,00;43,70;34,00;45,20;48,80;37,20;37,00;52,50;48,80;1,00;0,00;1,10;1,15;1,20;1,25;
22.12.2023 6:05:54;3,00;20,00;23,00;43,90;34,00;45,80;48,80;37,20;37,00;53,10;48,50;1,00;0,00;1,10;1,15;1,20;1,25;
22.12.2023 6:07:19;3,00;20,00;23,00;43,90;34,00;46,50;48,40;37,50;37,00;53,20;48,80;1,00;0,00;1,10;1,15;1,20;1,25;
22.12.2023 6:08:44;3,00;20,10;23,00;43,90;34,00;46,90;48,40;37,70;37,00;53,70;49,00;1,00;0,00;1,10;1,15;1,20;1,25;
22.12.2023 6:10:09;3,00;20,10;23,00;43,70;34,00;47,40;48,40;38,30;37,00;54,30;48,80;1,00;0,00;1,10;1,15;1,20;1,25;
22.12.2023 6:11:34;3,00;20,10;23,00;43,90;34,00;47,60;48,80;38,30;37,00;54,30;48,40;1,00;0,00;1,10;1,15;1,20;1,25;
22.12.2023 6:12:59;3,00;20,10;23,00;43,80;34,00;47,90;48,90;38,30;37,00;54,40;48,40;1,00;0,00;1,10;1,15;1,20;1,25;
22.12.2023 6:14:24;3,00;20,10;23,00;43,70;34,00;48,10;48,40;37,70;37,00;48,60;48,90;1,00;0,00;1,10;1,15;1,20;1,25;
22.12.2023 6:15:49;3,00;20,10;23,00;43,70;34,00;48,20;48,80;37,20;37,00;49,70;48,80;1,00;0,00;1,10;1,15;1,20;1,25;
22.12.2023 6:17:14;3,00;20,00;23,00;43,80;34,00;48,10;48,40;36,00;37,00;47,40;49,20;1,00;0,00;1,10;1,15;1,20;1,25;
22.12.2023 6:18:39;3,00;20,10;23,00;43,70;34,00;48,10;48,90;35,50;37,00;46,90;48,90;1,00;0,00;1,10;1,15;1,20;1,25;
22.12.2023 6:20:04;3,00;20,10;23,00;43,80;34,00;47,90;48,80;34,90;37,00;45,70;48,90;1,00;0,00;1,10;1,15;1,20;1,25;
22.12.2023 6:21:29;3,00;20,10;23,00;43,70;34,00;47,40;48,90;35,30;37,00;44,10;48,50;1,00;0,00;1,10;1,15;1,20;1,25;
22.12.2023 6:22:54;3,00;20,00;23,00;43,70;34,00;47,00;48,90;36,00;37,00;48,60;48,40;1,00;0,00;1,10;1,15;1,20;1,25;
22.12.2023 6:24:19;3,00;20,10;23,00;43,70;34,00;46,30;48,40;36,20;37,00;50,80;48,40;1,00;0,00;1,10;1,15;1,20;1,25;
22.12.2023 6:25:44;3,00;20,10;23,00;43,70;34,00;46,10;48,90;36,60;37,00;51,40;48,80;1,00;0,00;1,10;1,15;1,20;1,25;
22.12.2023 6:27:09;3,00;20,00;23,00;43,90;34,00;45,60;48,40;36,60;37,00;51,70;48,40;1,00;0,00;1,10;1,15;1,20;1,25;
22.12.2023 6:28:34;3,00;20,10;23,00;43,80;34,00;45,60;48,40;36,60;37,00;52,00;48,70;1,00;0,00;1,10;1,15;1,20;1,25;
22.12.2023 6:29:59;3,00;20,10;23,00;43,70;34,00;45,60;48,40;36,60;37,00;52,10;48,80;1,00;0,00;1,10;1,15;1,20;1,25;
22.12.2023 6:31:24;3,00;20,00;23,00;43,80;34,00;45,90;48,90;36,60;37,00;52,50;48,90;1,00;0,00;1,10;1,15;1,20;1,25;
22.12.2023 6:32:49;3,00;20,10;23,00;43,80;34,00;46,20;48,50;36,80;37,00;52,50;48,50;1,00;0,00;1,10;1,15;1,20;1,25;
22.12.2023 6:34:14;3,00;20,10;23,00;43,70;34,00;46,50;48,50;37,20;37,00;53,10;48,40;1,00;0,00;1,10;1,15;1,20;1,25;
22.12.2023 6:35:39;3,00;20,00;23,00;43,90;34,00;46,80;48,80;37,20;37,00;53,10;48,20;1,00;0,00;1,10;1,15;1,20;1,25;
22.12.2023 6:37:04;3,00;20,10;23,00;43,70;34,00;47,00;48,90;36,60;37,00;53,70;48,40;1,00;0,00;1,10;1,15;1,20;1,25;
22.12.2023 6:38:29;3,00;20,10;23,00;43,70;34,00;47,40;48,50;36,60;37,00;53,70;48,40;1,00;0,00;1,10;1,15;1,20;1,25;
22.12.2023 6:39:54;3,00;20,10;23,00;43,70;34,00;47,40;48,90;36,60;37,00;54,30;48,80;1,00;0,00;1,10;1,15;1,20;1,25;
22.12.2023 6:41:19;3,00;20,10;23,00;43,70;34,00;47,50;48,90;36,60;37,00;54,30;48,40;1,00;0,00;1,10;1,15;1,20;1,25;
22.12.2023 6:42:44;3,00;20,10;23,00;43,70;34,00;47,80;48,90;36,60;37,00;54,30;48,80;1,00;0,00;1,10;1,15;1,20;1,25;
22.12.2023 6:44:09;3,00;20,10;23,00;43,70;34,00;48,30;48,40;36,60;37,00;54,60;48,40;1,00;0,00;1,10;1,15;1,20;1,25;
22.12.2023 6:45:34;3,00;20,10;23,00;43,60;34,00;48,60;48,50;36,60;37,00;54,80;49,10;1,00;0,00;1,10;1,15;1,20;1,25;
22.12.2023 6:46:59;3,00;20,10;23,00;43,70;34,00;48,80;48,90;36,60;37,00;54,80;48,40;1,00;0,00;1,10;1,15;1,20;1,25;
22.12.2023 6:48:24;3,00;20,10;23,00;43,80;34,00;48,90;48,40;36,60;37,00;55,40;48,90;1,00;0,00;1,10;1,15;1,20;1,25;
22.12.2023 6:49:49;3,00;20,10;23,00;43,70;34,00;49,00;48,40;36,60;37,00;54,80;48,80;1,00;0,00;0,00;1,15;1,20;1,25;
22.12.2023 6:51:14;3,00;20,10;23,00;43,70;34,00;48,80;47,80;36,60;37,00;53,70;48,40;1,00;0,00;0,00;1,15;1,20;1,25;
22.12.2023 6:52:39;3,00;20,10;23,00;43,70;34,00;48,50;48,40;36,60;37,00;53,40;48,40;1,00;0,00;0,00;1,15;1,20;1,25;
22.12.2023 6:54:04;3,00;20,10;23,00;43,70;34,00;47,90;48,40;36,60;37,00;53,10;47,80;1,00;0,00;0,00;1,15;1,20;1,25;
22.12.2023 6:55:29;3,00;20,10;23,00;43,70;34,00;47,80;48,40;36,90;37,00;52,50;48,40;1,00;0,00;0,00;1,15;1,20;1,25;
22.12.2023 6:56:54;3,00;20,10;23,00;43,70;34,00;47,40;48,40;36,90;37,00;52,40;48,40;1,00;0,00;0,00;1,15;1,20;1,25;
22.12.2023 6:58:19;3,00;20,10;23,00;43,60;34,00;46,80;48,40;36,80;37,00;52,00;48,40;1,00;0,00;0,00;1,15;1,20;1,25;
22.12.2023 6:59:44;3,00;20,10;23,00;43,70;34,00;46,80;47,80;36,60;37,00;51,60;47,50;1,00;0,00;0,00;1,15;1,20;1,25;
22.12.2023 7:01:09;3,00;20,10;23,00;43,70;34,00;46,20;47,50;36,60;37,00;51,40;48,40;1,00;0,00;0,00;1,15;1,20;1,25;
22.12.2023 7:02:34;3,00;20,10;23,00;43,70;34,00;46,20;48,40;36,60;37,00;50,80;48,90;1,00;0,00;0,00;1,15;1,20;1,25;
22.12.2023 7:03:59;3,00;20,10;23,00;43,60;34,00;45,90;48,40;36,60;37,00;50,80;48,40;1,00;0,00;0,00;1,15;1,20;1,25;
22.12.2023 7:05:24;3,00;20,10;23,00;43,40;34,00;45,60;47,90;36,60;37,00;50,30;48,00;1,00;0,00;0,00;1,15;1,20;1,25;
22.12.2023 7:06:49;3,00;20,10;23,00;43,40;34,00;45,60;48,00;36,60;37,00;50,30;48,40;1,00;0,00;0,00;1,15;1,20;1,25;
22.12.2023 7:08:14;3,00;20,10;23,00;43,40;34,00;45,10;48,40;36,30;37,00;49,70;48,00;1,00;0,00;0,00;1,15;1,20;1,25;
22.12.2023 7:09:39;3,00;20,10;23,00;43,40;34,00;45,10;47,80;36,00;37,00;49,70;47,80;1,00;0,00;0,00;1,15;1,20;1,25;
22.12.2023 7:11:04;3,00;20,20;23,00;43,40;34,00;44,60;48,40;36,00;37,00;49,10;47,90;1,00;0,00;0,00;1,15;1,20;1,25;
22.12.2023 7:12:29;3,00;20,20;23,00;43,40;34,00;44,50;48,40;36,00;37,00;49,10;47,90;1,00;0,00;0,00;1,15;1,20;1,25;
22.12.2023 7:13:54;3,00;20,10;23,00;43,40;34,00;44,00;47,80;35,80;37,00;48,50;48,30;1,00;0,00;0,00;1,15;1,20;1,25;
22.12.2023 7:15:19;3,00;20,20;23,00;43,40;34,00;44,00;48,40;35,50;37,00;48,50;48,00;1,00;0,00;0,00;1,15;1,20;1,25;
22.12.2023 7:16:44;3,00;20,10;23,00;43,40;34,00;43,40;48,00;35,50;37,00;47,90;47,50;1,00;0,00;0,00;1,15;1,20;1,25;
22.12.2023 7:18:09;3,00;20,10;23,00;43,40;34,00;43,40;48,00;35,50;37,00;47,90;47,50;1,00;0,00;0,00;1,15;1,20;1,25;
22.12.2023 7:19:34;3,00;20,20;23,00;43,40;34,00;42,80;48,00;35,50;37,00;47,40;48,40;1,00;0,00;0,00;1,15;1,20;1,25;
22.12.2023 7:20:59;3,00;20,20;23,00;43,40;34,00;42,80;48,00;35,50;37,00;47,40;48,00;1,00;0,00;0,00;1,15;1,20;1,25;
22.12.2023 7:22:24;3,00;20,20;23,00;43,40;34,00;42,40;47,40;35,00;37,00;46,90;48,30;1,00;0,00;0,00;1,15;1,20;1,25;
22.12.2023 7:23:49;3,00;20,20;23,00;43,40;34,00;42,20;48,00;35,40;37,00;46,90;48,40;1,00;0,00;0,00;1,15;1,20;1,25;
22.12.2023 7:25:14;3,00;20,20;23,00;43,40;34,00;42,00;48,00;35,50;37,00;46,70;47,90;1,00;0,00;1,10;1,15;1,20;1,25;
22.12.2023 7:26:39;3,00;20,30;23,00;43,20;34,00;41,70;48,00;35,50;37,00;42,30;48,50;1,00;0,00;1,10;1,15;1,20;1,25;
22.12.2023 7:28:04;3,00;20,20;23,00;43,00;34,00;41,60;48,00;35,50;37,00;46,30;48,00;1,00;0,00;1,10;1,15;1,20;1,25;
22.12.2023 7:29:29;3,00;20,10;23,00;43,20;34,00;41,40;48,00;35,50;37,00;46,90;48,50;1,00;0,00;1,10;1,15;1,20;1,25;
22.12.2023 7:30:54;3,00;20,20;23,00;42,90;34,00;41,40;48,50;35,50;37,00;47,40;48,00;1,00;0,00;1,10;1,15;1,20;1,25;
22.12.2023 7:32:19;3,00;20,30;23,00;43,10;34,00;41,40;48,60;35,50;37,00;47,90;48,70;1,00;0,00;1,10;1,15;1,20;1,25;
22.12.2023 7:33:44;3,00;20,20;23,00;43,10;34,00;41,60;48,10;35,50;37,00;48,50;48,00;1,00;0,00;1,10;1,15;1,20;1,25;
22.12.2023 7:35:09;3,00;20,10;23,00;43,00;34,00;41,70;48,00;35,50;37,00;48,50;48,00;1,00;0,00;1,10;1,15;1,20;1,25;
22.12.2023 7:36:34;3,00;20,20;23,00;43,10;34,00;42,10;48,50;35,50;37,00;49,10;48,30;1,00;0,00;1,10;1,15;1,20;1,25;
22.12.2023 7:37:59;3,00;20,20;23,00;43,10;34,00;42,40;48,50;35,50;37,00;49,70;48,50;1,00;0,00;1,10;1,15;1,20;1,25;
22.12.2023 7:39:24;3,00;20,20;23,00;43,00;34,00;42,70;48,10;35,50;37,00;50,30;48,10;1,00;0,00;1,10;1,15;1,20;1,25;
22.12.2023 7:40:49;3,00;20,20;23,00;42,90;34,00;43,00;48,50;35,50;37,00;50,60;48,40;1,00;0,00;1,10;1,15;1,20;1,25;
22.12.2023 7:42:14;3,00;20,10;23,00;42,90;34,00;43,40;48,90;35,50;37,00;50,80;48,40;1,00;0,00;1,10;1,15;1,20;1,25;
22.12.2023 7:43:39;3,00;20,00;23,00;42,80;34,00;44,00;48,90;35,50;37,00;51,40;49,30;1,00;0,00;1,10;1,15;1,20;1,25;
22.12.2023 7:45:04;3,00;20,10;23,00;42,70;34,00;44,40;48,40;36,00;36,90;51,50;48,30;1,00;0,00;1,10;1,15;1,20;1,25;
22.12.2023 7:46:29;3,10;20,10;23,00;42,70;34,00;45,00;48,70;36,00;36,90;52,00;48,90;1,00;0,00;1,10;1,15;1,20;1,25;
22.12.2023 7:47:54;3,10;20,10;23,00;42,70;34,00;45,30;48,70;36,00;36,90;52,40;48,30;1,00;0,00;1,10;1,15;1,20;1,25;
22.12.2023 7:49:19;3,10;20,00;23,00;42,50;34,00;45,70;48,70;36,30;36,90;52,50;48,80;1,00;0,00;1,10;1,15;1,20;1,25;
22.12.2023 7:50:44;3,10;20,10;23,00;42,40;34,00;46,20;48,80;36,60;36,90;52,80;48,60;1,00;0,00;1,10;1,15;1,20;1,25;
22.12.2023 7:52:09;3,10;20,10;23,00;42,40;34,00;46,50;48,70;36,60;36,80;53,10;48,70;1,00;0,00;1,10;1,15;1,20;1,25;
22.12.2023 7:53:34;3,30;20,00;23,00;42,30;34,00;46,80;48,70;36,60;36,80;53,10;48,60;1,00;0,00;1,10;1,15;1,20;1,25;
22.12.2023 7:54:59;3,20;20,10;23,00;42,30;34,00;47,10;48,60;37,20;36,80;53,70;48,30;1,00;0,00;1,10;1,15;1,20;1,25;
22.12.2023 7:56:24;3,30;20,00;23,00;42,40;34,00;47,40;48,60;37,20;36,80;53,70;48,60;1,00;0,00;1,10;1,15;1,20;1,25;
22.12.2023 7:57:49;3,40;20,10;23,00;42,50;34,00;47,60;49,10;36,60;36,80;54,30;49,10;1,00;0,00;1,10;1,15;1,20;1,25;
22.12.2023 7:59:14;3,40;20,10;23,00;42,40;34,00;47,60;48,70;36,60;36,70;54,30;48,70;1,00;0,00;1,10;1,15;1,20;1,25;
22.12.2023 8:00:39;3,30;20,00;23,00;42,30;34,00;47,90;48,70;36,10;36,70;54,30;48,60;1,00;0,00;1,10;1,15;1,20;1,25;
22.12.2023 8:02:04;3,30;20,00;23,00;42,30;34,00;47,90;48,50;36,00;36,80;54,80;48,00;1,00;0,00;1,10;1,15;1,20;1,25;
22.12.2023 8:03:29;3,30;20,00;23,00;42,30;34,00;48,40;48,50;36,00;36,80;54,80;48,70;1,00;0,00;1,10;1,15;1,20;1,25;
22.12.2023 8:04:54;3,30;20,00;23,00;42,40;34,00;48,50;48,70;36,00;36,80;54,90;48,60;1,00;0,00;1,10;1,15;1,20;1,25;
22.12.2023 8:06:19;3,30;20,00;23,00;42,20;34,00;48,70;48,60;36,00;36,80;55,40;48,60;1,00;0,00;0,00;1,15;1,20;1,25;
22.12.2023 8:07:44;3,30;20,10;23,00;42,20;34,00;49,00;48,70;36,00;36,80;54,50;48,60;1,00;0,00;0,00;1,15;1,20;1,25;
22.12.2023 8:09:09;3,20;20,00;23,00;42,20;34,00;48,80;48,60;36,00;36,80;53,80;48,60;1,00;0,00;0,00;1,15;1,20;1,25;
22.12.2023 8:10:34;3,20;20,00;23,00;42,20;34,00;48,50;48,00;36,00;36,70;53,70;48,60;1,00;0,00;0,00;1,15;1,20;1,25;
22.12.2023 8:11:59;3,30;20,00;23,00;42,20;34,00;47,90;48,10;36,00;36,80;53,10;48,70;1,00;0,00;0,00;1,15;1,20;1,25;
22.12.2023 8:13:24;3,40;20,00;23,00;42,20;34,00;47,90;48,50;36,00;36,70;52,50;48,20;1,00;0,00;0,00;1,15;1,20;1,25;
22.12.2023 8:14:49;3,40;20,00;23,00;42,20;34,00;47,40;48,50;36,10;36,70;52,50;48,40;1,00;0,00;0,00;1,15;1,20;1,25;
22.12.2023 8:16:14;3,50;20,00;23,00;42,20;34,00;46,90;48,10;36,30;36,60;52,00;48,00;1,00;0,00;0,00;1,15;1,20;1,25;
22.12.2023 8:17:39;3,50;20,00;23,00;42,20;34,00;46,80;48,40;36,50;36,60;52,00;48,40;1,00;0,00;0,00;1,15;1,20;1,25;
22.12.2023 8:19:04;3,60;20,00;23,00;42,20;34,00;46,40;48,40;36,50;36,60;51,40;48,40;1,00;0,00;0,00;1,15;1,20;1,25;
22.12.2023 8:20:29;3,60;20,00;23,00;42,20;34,00;46,20;48,00;36,60;36,60;51,30;47,80;1,00;0,00;0,00;1,15;1,20;1,25;
22.12.2023 8:21:54;3,60;20,00;23,00;42,20;34,00;46,20;47,90;36,60;36,60;50,80;48,40;1,00;0,00;0,00;1,15;1,20;1,25;
22.12.2023 8:23:19;3,60;20,00;23,00;42,20;34,00;45,60;47,80;36,40;36,60;50,70;48,40;1,00;0,00;0,00;1,15;1,20;1,25;
22.12.2023 8:24:44;3,60;20,00;23,00;42,20;34,00;45,60;47,80;36,10;36,60;50,30;48,40;1,00;0,00;0,00;1,15;1,20;1,25;
22.12.2023 8:26:09;3,60;20,10;23,00;42,20;34,00;45,20;48,40;36,00;36,60;50,20;48,30;1,00;0,00;0,00;1,15;1,20;1,25;
22.12.2023 8:27:34;3,60;20,10;23,00;42,20;34,00;45,10;48,40;36,00;36,60;49,70;49,00;1,00;0,00;0,00;1,15;1,20;1,25;
22.12.2023 8:28:59;3,60;20,00;23,00;42,20;34,00;44,70;48,40;36,00;36,60;49,70;47,40;1,00;0,00;0,00;1,15;1,20;1,25;
22.12.2023 8:30:24;3,60;20,10;23,00;42,20;34,00;44,50;48,00;35,80;36,60;49,10;48,60;1,00;0,00;0,00;1,15;1,20;1,25;
22.12.2023 8:31:49;3,60;20,00;23,00;42,20;34,00;44,00;47,80;35,50;36,60;48,90;47,80;1,00;0,00;0,00;1,15;1,20;1,25;
22.12.2023 8:33:14;3,60;20,00;23,00;42,20;34,00;44,00;47,80;35,50;36,60;48,50;48,00;1,00;0,00;0,00;1,15;1,20;1,25;
22.12.2023 8:34:39;3,60;20,00;23,00;42,20;34,00;43,60;48,40;35,50;36,60;48,50;48,40;1,00;0,00;0,00;1,15;1,20;1,25;
22.12.2023 8:36:04;3,60;20,10;23,00;42,20;34,00;43,40;47,90;35,50;36,60;47,90;47,40;1,00;0,00;0,00;1,15;1,20;1,25;
22.12.2023 8:37:29;3,60;20,10;23,00;42,20;34,00;43,00;47,40;35,50;36,60;47,90;48,40;1,00;0,00;0,00;1,15;1,20;1,25;
22.12.2023 8:38:54;3,60;20,00;23,00;42,20;34,00;42,80;48,00;35,20;36,60;47,40;48,00;1,00;0,00;0,00;1,15;1,20;1,25;
22.12.2023 8:40:19;3,60;20,00;23,00;42,20;34,00;42,70;47,80;34,90;36,60;47,40;47,80;1,00;0,00;0,00;1,15;1,20;1,25;
22.12.2023 8:41:44;3,60;20,00;23,00;42,20;34,00;42,20;48,30;34,90;36,60;46,90;48,40;1,00;0,00;0,00;1,15;1,20;1,25;
22.12.2023 8:58:55;3,60;20,00;23,00;42,10;34,00;43,40;48,60;35,50;36,60;50,80;48,50;1,00;0,00;1,10;1,15;1,20;1,25;
22.12.2023 9:00:20;3,60;20,10;23,00;42,00;34,00;44,00;48,00;36,00;36,60;50,80;48,40;1,00;0,00;1,10;1,15;1,20;1,25;
22.12.2023 9:01:45;3,60;20,10;23,00;42,00;34,00;44,20;48,00;36,00;36,60;51,40;48,40;1,00;0,00;1,10;1,15;1,20;1,25;
22.12.2023 9:03:10;3,60;20,10;23,00;42,10;34,00;44,50;48,40;36,00;36,60;51,60;48,80;1,00;0,00;1,10;1,15;1,20;1,25;
22.12.2023 9:04:35;3,70;20,00;23,00;42,20;34,00;45,10;47,80;36,00;36,60;52,00;48,50;1,00;0,00;1,10;1,15;1,20;1,25;
22.12.2023 9:06:00;3,70;20,00;23,00;42,00;34,00;45,50;48,30;36,60;36,60;52,00;47,80;1,00;0,00;1,10;1,15;1,20;1,25;
22.12.2023 9:07:25;3,80;20,10;23,00;42,20;34,00;45,90;47,70;36,60;36,50;52,50;48,40;1,00;0,00;1,10;1,15;1,20;1,25;
22.12.2023 9:08:50;3,90;20,00;23,00;42,10;34,00;46,20;48,20;36,60;36,50;52,50;48,30;1,00;0,00;1,10;1,15;1,20;1,25;
22.12.2023 9:10:15;4,00;20,00;23,00;42,00;34,00;46,20;48,20;36,00;36,50;53,10;47,70;1,00;0,00;1,10;1,15;1,20;1,25;
22.12.2023 9:11:40;4,00;20,10;23,00;42,10;34,00;46,50;48,30;36,00;36,40;53,10;47,70;1,00;0,00;1,10;1,15;1,20;1,25;
22.12.2023 9:13:05;4,00;20,00;23,00;42,10;34,00;46,90;47,70;35,50;36,30;53,20;48,20;1,00;0,00;1,10;1,15;1,20;1,25;
22.12.2023 9:14:30;4,00;20,00;23,00;42,10;34,00;47,30;48,00;35,50;36,30;53,70;48,10;1,00;0,00;1,10;1,15;1,20;1,25;
22.12.2023 9:15:55;4,20;20,00;23,00;42,00;34,00;47,40;48,60;35,50;36,30;53,70;48,20;1,00;0,00;1,10;1,15;1,20;1,25;
22.12.2023 9:17:20;4,20;20,00;23,00;42,00;34,00;47,80;48,20;35,30;36,30;53,70;48,40;1,00;0,00;1,10;1,15;1,20;1,25;
22.12.2023 9:18:45;4,20;20,00;23,00;42,10;34,00;47,90;47,70;35,20;36,30;54,30;47,80;1,00;0,00;1,10;1,15;1,20;1,25;
22.12.2023 9:20:10;4,20;20,10;23,00;42,10;34,00;48,10;48,50;35,00;36,30;54,30;48,20;1,00;0,00;1,10;1,15;1,20;1,25;
22.12.2023 9:21:35;4,20;20,10;23,00;42,00;34,00;48,40;48,60;35,00;36,30;54,30;48,20;1,00;0,00;1,10;1,15;1,20;1,25;
22.12.2023 9:23:00;4,20;20,10;23,00;42,00;34,00;48,50;47,60;34,90;36,30;54,80;47,60;1,00;0,00;1,10;1,15;1,20;1,25;
22.12.2023 9:24:25;4,20;20,10;23,00;42,00;34,00;48,60;48,20;35,10;36,30;54,80;48,00;1,00;0,00;1,10;1,15;1,20;1,25;
22.12.2023 9:25:50;4,20;20,10;23,00;42,00;34,00;48,80;47,90;35,10;36,30;54,80;48,10;1,00;0,00;0,00;1,15;1,20;1,25;
22.12.2023 9:27:15;4,20;20,10;23,00;42,00;34,00;49,00;47,60;35,20;36,30;54,30;47,60;1,00;0,00;0,00;1,15;1,20;1,25;
22.12.2023 9:28:40;4,20;20,10;23,00;42,10;34,00;48,90;47,60;35,30;36,30;53,70;47,20;1,00;0,00;0,00;1,15;1,20;1,25;
22.12.2023 9:30:05;4,20;20,10;23,00;42,10;34,00;48,50;48,00;35,40;36,30;53,10;47,60;1,00;0,00;0,00;1,15;1,20;1,25;
22.12.2023 9:31:30;4,20;20,10;23,00;42,10;34,00;48,00;47,00;35,50;36,30;52,60;47,60;1,00;0,00;0,00;1,15;1,20;1,25;
22.12.2023 9:32:55;4,20;20,10;23,00;42,00;34,00;47,90;47,00;35,50;36,30;52,50;47,80;1,00;0,00;0,00;1,15;1,20;1,25;
22.12.2023 9:34:20;4,20;20,10;23,00;42,00;34,00;47,40;47,60;35,50;36,30;52,00;48,20;1,00;0,00;0,00;1,15;1,20;1,25;
22.12.2023 9:35:45;4,20;20,10;23,00;41,90;34,00;47,20;48,20;35,50;36,30;52,00;47,60;1,00;0,00;0,00;1,15;1,20;1,25;
22.12.2023 9:37:10;4,20;20,00;23,00;42,10;34,00;46,80;48,00;35,50;36,30;51,40;47,60;1,00;0,00;0,00;1,15;1,20;1,25;
22.12.2023 9:38:35;4,20;20,10;23,00;42,00;34,00;46,50;47,80;35,50;36,30;51,20;47,90;1,00;0,00;0,00;1,15;1,20;1,25;
22.12.2023 9:40:00;4,20;20,10;23,00;42,00;34,00;46,20;47,60;35,50;36,30;50,80;47,60;1,00;0,00;0,00;1,15;1,20;1,25;
22.12.2023 9:41:25;4,20;20,10;23,00;42,10;34,00;46,20;47,40;35,50;36,30;50,70;47,50;1,00;0,00;0,00;1,15;1,20;1,25;
22.12.2023 9:42:50;4,20;20,00;23,00;42,00;34,00;45,60;47,60;35,50;36,30;50,30;47,60;1,00;0,00;0,00;1,15;1,20;1,25;
22.12.2023 9:44:15;4,20;20,00;23,00;42,00;34,00;45,60;47,60;35,50;36,30;50,00;47,60;1,00;0,00;0,00;1,15;1,20;1,25;
22.12.2023 9:45:40;4,20;20,10;23,00;42,00;34,00;45,40;47,60;35,20;36,30;49,70;48,20;1,00;0,00;0,00;1,15;1,20;1,25;
22.12.2023 9:47:05;4,20;20,10;23,00;42,00;34,00;45,10;47,60;34,90;36,20;49,50;47,60;1,00;0,00;0,00;1,15;1,20;1,25;
22.12.2023 9:48:30;4,20;20,10;23,00;42,00;34,00;44,80;48,10;34,90;36,20;49,10;47,60;1,00;0,00;0,00;1,15;1,20;1,25;
22.12.2023 9:49:55;4,30;20,10;23,00;42,00;34,00;44,50;47,50;34,90;36,20;48,80;47,50;1,00;0,00;0,00;1,15;1,20;1,25;
22.12.2023 9:51:20;4,50;20,10;23,00;42,00;34,00;44,20;47,40;34,90;36,10;48,50;47,90;1,00;0,00;0,00;1,15;1,20;1,25;
22.12.2023 9:52:45;4,60;20,10;23,00;42,00;34,00;44,00;47,70;34,90;36,10;48,50;47,30;1,00;0,00;0,00;1,15;1,20;1,25;
22.12.2023 9:54:10;4,70;20,10;23,00;41,90;34,00;43,70;47,70;34,70;36,00;47,90;47,30;1,00;0,00;0,00;1,15;1,20;1,25;
22.12.2023 9:55:35;4,70;20,10;23,00;42,00;34,00;43,40;47,30;34,30;36,00;47,90;47,30;1,00;0,00;0,00;1,15;1,20;1,25;
22.12.2023 9:57:00;4,70;20,10;23,00;41,90;34,00;43,20;47,30;34,30;36,00;47,40;47,30;1,00;0,00;0,00;1,15;1,20;1,25;
22.12.2023 9:58:25;4,70;20,10;23,00;41,90;34,00;42,80;47,30;34,30;36,00;47,40;47,40;1,00;0,00;0,00;1,15;1,20;1,25;
22.12.2023 9:59:50;4,70;20,10;23,00;41,80;34,00;42,80;47,70;34,30;36,00;46,90;47,30;1,00;0,00;0,00;1,15;1,20;1,25;
22.12.2023 10:01:15;4,70;20,10;23,00;41,80;34,00;42,20;47,30;34,30;36,00;46,90;47,30;1,00;0,00;0,00;1,15;1,20;1,25;
22.12.2023 10:02:40;4,70;20,10;23,00;41,90;34,00;42,20;46,70;34,30;36,00;46,40;47,50;1,00;0,00;0,00;1,15;1,20;1,25;
22.12.2023 10:04:05;4,70;20,10;23,00;41,70;34,00;41,80;47,10;34,30;36,00;46,30;47,50;1,00;0,00;0,00;1,15;1,20;1,25;
22.12.2023 10:05:30;4,70;20,10;23,00;41,70;34,00;41,70;47,30;33,90;36,00;46,30;47,30;1,00;0,00;0,00;1,15;1,20;1,25;
